acq_num,evt_num,windnum,time,data_ch2
0,23,10,0,24.4
0,23,10,1,26.3
0,23,10,2,24.4
0,23,10,3,25.9
0,23,10,4,25.8
0,23,10,5,28.5
0,23,10,6,20.3
0,23,10,7,27.6
0,23,10,8,23.8
0,23,10,9,25.3
0,23,10,10,27.5
0,23,10,11,25.2
0,23,10,12,22.8
0,23,10,13,28.8
0,23,10,14,23.2
0,23,10,15,28.0
0,23,10,16,23.1
0,23,10,17,24.2
0,23,10,18,25.9
0,23,10,19,27.7
0,23,10,20,27.0
0,23,10,21,24.1
0,23,10,22,23.7
0,23,10,23,26.0
0,23,10,24,23.8
0,23,10,25,27.6
0,23,10,26,23.6
0,23,10,27,25.5
0,23,10,28,26.3
0,23,10,29,26.3
0,23,10,30,25.6
0,23,10,31,25.5
0,23,10,32,27.5
0,23,10,33,25.4
0,23,10,34,23.9
0,23,10,35,25.1
0,23,10,36,27.3
0,23,10,37,22.8
0,23,10,38,25.4
0,23,10,39,23.5
0,23,10,40,24.2
0,23,10,41,27.4
0,23,10,42,25.7
0,23,10,43,24.9
0,23,10,44,26.1
0,23,10,45,28.0
0,23,10,46,26.9
0,23,10,47,26.4
0,23,10,48,23.2
0,23,10,49,25.6
0,23,10,50,23.6
0,23,10,51,24.6
0,23,10,52,23.4
0,23,10,53,22.5
0,23,10,54,29.8
0,23,10,55,25.2
0,23,10,56,27.9
0,23,10,57,25.2
0,23,10,58,26.6
0,23,10,59,25.8
0,23,10,60,27.9
0,23,10,61,26.2
0,23,10,62,26.9
0,23,10,63,27.7
0,23,11,64,30.1
0,23,11,65,24.7
0,23,11,66,28.5
0,23,11,67,26.2
0,23,11,68,28.6
0,23,11,69,27.4
0,23,11,70,24.6
0,23,11,71,22.0
0,23,11,72,26.3
0,23,11,73,30.4
0,23,11,74,26.0
0,23,11,75,24.7
0,23,11,76,23.2
0,23,11,77,23.1
0,23,11,78,24.8
0,23,11,79,27.9
0,23,11,80,31.7
0,23,11,81,25.5
0,23,11,82,23.8
0,23,11,83,28.9
0,23,11,84,26.6
0,23,11,85,27.9
0,23,11,86,29.0
0,23,11,87,27.8
0,23,11,88,27.0
0,23,11,89,26.9
0,23,11,90,27.2
0,23,11,91,25.5
0,23,11,92,22.9
0,23,11,93,27.9
0,23,11,94,21.0
0,23,11,95,20.9
0,23,11,96,27.6
0,23,11,97,21.2
0,23,11,98,26.9
0,23,11,99,29.1
0,23,11,100,26.1
0,23,11,101,22.3
0,23,11,102,27.6
0,23,11,103,26.1
0,23,11,104,27.5
0,23,11,105,26.0
0,23,11,106,29.2
0,23,11,107,27.1
0,23,11,108,24.4
0,23,11,109,26.5
0,23,11,110,29.3
0,23,11,111,19.4
0,23,11,112,25.1
0,23,11,113,25.1
0,23,11,114,23.8
0,23,11,115,26.7
0,23,11,116,21.0
0,23,11,117,25.2
0,23,11,118,26.0
0,23,11,119,26.9
0,23,11,120,17.2
0,23,11,121,22.6
0,23,11,122,23.3
0,23,11,123,26.0
0,23,11,124,24.5
0,23,11,125,27.1
0,23,11,126,29.4
0,23,11,127,22.6
0,23,12,128,25.1
0,23,12,129,26.1
0,23,12,130,25.0
0,23,12,131,24.3
0,23,12,132,25.5
0,23,12,133,31.2
0,23,12,134,26.9
0,23,12,135,25.5
0,23,12,136,28.9
0,23,12,137,28.4
0,23,12,138,26.4
0,23,12,139,26.7
0,23,12,140,26.0
0,23,12,141,26.3
0,23,12,142,26.0
0,23,12,143,23.2
0,23,12,144,27.0
0,23,12,145,24.2
0,23,12,146,25.6
0,23,12,147,25.6
0,23,12,148,23.4
0,23,12,149,25.4
0,23,12,150,26.3
0,23,12,151,29.6
0,23,12,152,23.7
0,23,12,153,26.3
0,23,12,154,23.7
0,23,12,155,25.7
0,23,12,156,22.3
0,23,12,157,23.6
0,23,12,158,26.4
0,23,12,159,24.3
0,23,12,160,25.8
0,23,12,161,26.1
0,23,12,162,28.3
0,23,12,163,27.5
0,23,12,164,27.5
0,23,12,165,29.4
0,23,12,166,27.6
0,23,12,167,25.2
0,23,12,168,29.2
0,23,12,169,24.2
0,23,12,170,26.1
0,23,12,171,26.8
0,23,12,172,27.5
0,23,12,173,29.1
0,23,12,174,29.6
0,23,12,175,24.3
0,23,12,176,26.3
0,23,12,177,26.8
0,23,12,178,27.4
0,23,12,179,28.3
0,23,12,180,28.6
0,23,12,181,30.5
0,23,12,182,32.4
0,23,12,183,26.2
0,23,12,184,28.4
0,23,12,185,25.5
0,23,12,186,26.7
0,23,12,187,25.0
0,23,12,188,23.7
0,23,12,189,27.0
0,23,12,190,27.8
0,23,12,191,26.2
0,23,13,192,25.2
0,23,13,193,22.2
0,23,13,194,26.7
0,23,13,195,26.1
0,23,13,196,24.1
0,23,13,197,23.7
0,23,13,198,23.4
0,23,13,199,24.0
0,23,13,200,21.1
0,23,13,201,31.2
0,23,13,202,26.5
0,23,13,203,27.1
0,23,13,204,24.3
0,23,13,205,27.5
0,23,13,206,22.4
0,23,13,207,25.7
0,23,13,208,26.6
0,23,13,209,28.1
0,23,13,210,23.2
0,23,13,211,22.4
0,23,13,212,27.9
0,23,13,213,27.0
0,23,13,214,22.4
0,23,13,215,24.1
0,23,13,216,27.4
0,23,13,217,30.4
0,23,13,218,21.7
0,23,13,219,25.8
0,23,13,220,25.4
0,23,13,221,24.5
0,23,13,222,26.3
0,23,13,223,20.6
0,23,13,224,23.0
0,23,13,225,25.2
0,23,13,226,26.5
0,23,13,227,27.2
0,23,13,228,26.5
0,23,13,229,26.0
0,23,13,230,22.2
0,23,13,231,28.1
0,23,13,232,28.0
0,23,13,233,25.3
0,23,13,234,26.6
0,23,13,235,22.8
0,23,13,236,22.6
0,23,13,237,27.5
0,23,13,238,27.7
0,23,13,239,26.9
0,23,13,240,24.8
0,23,13,241,22.7
0,23,13,242,27.4
0,23,13,243,24.8
0,23,13,244,26.2
0,23,13,245,27.8
0,23,13,246,23.2
0,23,13,247,26.9
0,23,13,248,29.3
0,23,13,249,21.4
0,23,13,250,25.8
0,23,13,251,23.6
0,23,13,252,24.6
0,23,13,253,24.4
0,23,13,254,27.5
0,23,13,255,22.5
0,23,14,256,26.9
0,23,14,257,27.1
0,23,14,258,25.0
0,23,14,259,25.0
0,23,14,260,28.2
0,23,14,261,28.9
0,23,14,262,26.5
0,23,14,263,25.6
0,23,14,264,26.1
0,23,14,265,26.6
0,23,14,266,26.0
0,23,14,267,27.7
0,23,14,268,29.0
0,23,14,269,24.3
0,23,14,270,29.1
0,23,14,271,25.5
0,23,14,272,21.9
0,23,14,273,23.5
0,23,14,274,27.4
0,23,14,275,22.4
0,23,14,276,29.1
0,23,14,277,26.9
0,23,14,278,25.7
0,23,14,279,22.7
0,23,14,280,24.9
0,23,14,281,20.6
0,23,14,282,22.1
0,23,14,283,21.7
0,23,14,284,24.4
0,23,14,285,24.1
0,23,14,286,23.4
0,23,14,287,26.2
0,23,14,288,24.9
0,23,14,289,25.8
0,23,14,290,25.0
0,23,14,291,25.7
0,23,14,292,29.5
0,23,14,293,27.2
0,23,14,294,24.6
0,23,14,295,25.7
0,23,14,296,27.5
0,23,14,297,28.3
0,23,14,298,27.0
0,23,14,299,29.9
0,23,14,300,25.5
0,23,14,301,25.4
0,23,14,302,28.6
0,23,14,303,22.7
0,23,14,304,22.1
0,23,14,305,25.1
0,23,14,306,23.5
0,23,14,307,22.4
0,23,14,308,23.4
0,23,14,309,29.5
0,23,14,310,27.4
0,23,14,311,27.0
0,23,14,312,27.1
0,23,14,313,22.7
0,23,14,314,25.3
0,23,14,315,29.7
0,23,14,316,23.8
0,23,14,317,26.0
0,23,14,318,30.5
0,23,14,319,31.0
0,23,15,320,25.2
0,23,15,321,26.6
0,23,15,322,27.9
0,23,15,323,26.3
0,23,15,324,27.1
0,23,15,325,27.8
0,23,15,326,28.3
0,23,15,327,26.9
0,23,15,328,25.4
0,23,15,329,25.4
0,23,15,330,26.5
0,23,15,331,26.9
0,23,15,332,29.8
0,23,15,333,26.9
0,23,15,334,22.9
0,23,15,335,26.3
0,23,15,336,25.7
0,23,15,337,22.8
0,23,15,338,20.5
0,23,15,339,26.4
0,23,15,340,25.8
0,23,15,341,27.9
0,23,15,342,22.6
0,23,15,343,25.4
0,23,15,344,26.4
0,23,15,345,26.9
0,23,15,346,28.6
0,23,15,347,22.0
0,23,15,348,24.5
0,23,15,349,25.7
0,23,15,350,26.7
0,23,15,351,26.9
0,23,15,352,26.6
0,23,15,353,26.4
0,23,15,354,27.1
0,23,15,355,28.2
0,23,15,356,30.1
0,23,15,357,26.0
0,23,15,358,26.6
0,23,15,359,27.4
0,23,15,360,25.9
0,23,15,361,25.4
0,23,15,362,24.1
0,23,15,363,26.7
0,23,15,364,20.7
0,23,15,365,24.6
0,23,15,366,28.7
0,23,15,367,25.5
0,23,15,368,25.9
0,23,15,369,24.6
0,23,15,370,26.0
0,23,15,371,27.8
0,23,15,372,24.1
0,23,15,373,25.5
0,23,15,374,25.5
0,23,15,375,24.3
0,23,15,376,28.8
0,23,15,377,26.1
0,23,15,378,25.5
0,23,15,379,22.7
0,23,15,380,26.6
0,23,15,381,28.8
0,23,15,382,25.1
0,23,15,383,21.2
0,23,16,384,28.3
0,23,16,385,27.4
0,23,16,386,23.7
0,23,16,387,29.1
0,23,16,388,26.2
0,23,16,389,30.0
0,23,16,390,24.8
0,23,16,391,26.6
0,23,16,392,25.7
0,23,16,393,29.5
0,23,16,394,23.6
0,23,16,395,25.0
0,23,16,396,27.3
0,23,16,397,23.4
0,23,16,398,29.0
0,23,16,399,31.3
0,23,16,400,29.7
0,23,16,401,25.6
0,23,16,402,25.5
0,23,16,403,28.9
0,23,16,404,26.7
0,23,16,405,26.3
0,23,16,406,28.4
0,23,16,407,33.7
0,23,16,408,28.8
0,23,16,409,23.7
0,23,16,410,25.4
0,23,16,411,26.6
0,23,16,412,25.0
0,23,16,413,29.5
0,23,16,414,25.6
0,23,16,415,29.8
0,23,16,416,25.9
0,23,16,417,29.2
0,23,16,418,26.5
0,23,16,419,26.8
0,23,16,420,27.8
0,23,16,421,29.2
0,23,16,422,23.3
0,23,16,423,26.7
0,23,16,424,26.5
0,23,16,425,24.8
0,23,16,426,24.2
0,23,16,427,27.5
0,23,16,428,28.5
0,23,16,429,23.8
0,23,16,430,27.4
0,23,16,431,24.4
0,23,16,432,29.7
0,23,16,433,26.4
0,23,16,434,25.2
0,23,16,435,29.1
0,23,16,436,28.4
0,23,16,437,24.2
0,23,16,438,26.1
0,23,16,439,27.0
0,23,16,440,30.9
0,23,16,441,27.6
0,23,16,442,29.0
0,23,16,443,30.4
0,23,16,444,27.1
0,23,16,445,24.1
0,23,16,446,27.1
0,23,16,447,29.1
0,23,17,448,25.0
0,23,17,449,26.3
0,23,17,450,26.4
0,23,17,451,25.4
0,23,17,452,28.0
0,23,17,453,22.9
0,23,17,454,23.4
0,23,17,455,24.3
0,23,17,456,27.7
0,23,17,457,28.2
0,23,17,458,26.7
0,23,17,459,24.4
0,23,17,460,28.5
0,23,17,461,25.3
0,23,17,462,26.3
0,23,17,463,26.4
0,23,17,464,29.5
0,23,17,465,24.4
0,23,17,466,24.5
0,23,17,467,23.3
0,23,17,468,21.8
0,23,17,469,22.7
0,23,17,470,27.0
0,23,17,471,27.6
0,23,17,472,24.8
0,23,17,473,27.3
0,23,17,474,26.7
0,23,17,475,25.8
0,23,17,476,26.2
0,23,17,477,24.2
0,23,17,478,27.1
0,23,17,479,22.5
0,23,17,480,26.8
0,23,17,481,24.5
0,23,17,482,24.4
0,23,17,483,27.8
0,23,17,484,27.9
0,23,17,485,26.0
0,23,17,486,23.2
0,23,17,487,24.9
0,23,17,488,29.6
0,23,17,489,26.9
0,23,17,490,28.1
0,23,17,491,25.8
0,23,17,492,22.0
0,23,17,493,30.0
0,23,17,494,26.0
0,23,17,495,27.5
0,23,17,496,26.2
0,23,17,497,26.7
0,23,17,498,26.1
0,23,17,499,25.1
0,23,17,500,27.0
0,23,17,501,22.1
0,23,17,502,25.2
0,23,17,503,27.4
0,23,17,504,20.4
0,23,17,505,23.4
0,23,17,506,27.7
0,23,17,507,28.6
0,23,17,508,24.7
0,23,17,509,27.9
0,23,17,510,29.1
0,23,17,511,22.8
0,23,18,512,25.6
0,23,18,513,28.6
0,23,18,514,26.3
0,23,18,515,26.2
0,23,18,516,26.6
0,23,18,517,29.8
0,23,18,518,28.9
0,23,18,519,27.5
0,23,18,520,28.8
0,23,18,521,27.1
0,23,18,522,28.4
0,23,18,523,24.9
0,23,18,524,26.5
0,23,18,525,20.9
0,23,18,526,25.2
0,23,18,527,23.1
0,23,18,528,27.0
0,23,18,529,24.8
0,23,18,530,24.0
0,23,18,531,26.0
0,23,18,532,29.6
0,23,18,533,29.6
0,23,18,534,27.3
0,23,18,535,27.2
0,23,18,536,26.5
0,23,18,537,27.5
0,23,18,538,28.0
0,23,18,539,30.3
0,23,18,540,25.4
0,23,18,541,26.7
0,23,18,542,29.4
0,23,18,543,23.3
0,23,18,544,30.6
0,23,18,545,30.8
0,23,18,546,24.5
0,23,18,547,29.2
0,23,18,548,26.8
0,23,18,549,24.4
0,23,18,550,25.4
0,23,18,551,27.1
0,23,18,552,25.4
0,23,18,553,28.6
0,23,18,554,27.6
0,23,18,555,26.4
0,23,18,556,28.6
0,23,18,557,29.5
0,23,18,558,29.8
0,23,18,559,26.1
0,23,18,560,26.0
0,23,18,561,26.5
0,23,18,562,26.2
0,23,18,563,24.6
0,23,18,564,22.0
0,23,18,565,26.8
0,23,18,566,23.8
0,23,18,567,29.4
0,23,18,568,29.7
0,23,18,569,22.3
0,23,18,570,27.9
0,23,18,571,25.2
0,23,18,572,29.1
0,23,18,573,26.4
0,23,18,574,28.9
0,23,18,575,32.1
0,23,19,576,27.7
0,23,19,577,27.1
0,23,19,578,27.0
0,23,19,579,27.4
0,23,19,580,29.8
0,23,19,581,29.4
0,23,19,582,24.1
0,23,19,583,27.0
0,23,19,584,26.7
0,23,19,585,29.7
0,23,19,586,23.2
0,23,19,587,24.3
0,23,19,588,25.7
0,23,19,589,26.2
0,23,19,590,29.1
0,23,19,591,24.4
0,23,19,592,29.0
0,23,19,593,25.1
0,23,19,594,24.8
0,23,19,595,25.1
0,23,19,596,28.1
0,23,19,597,28.5
0,23,19,598,24.9
0,23,19,599,29.5
0,23,19,600,29.8
0,23,19,601,26.4
0,23,19,602,26.1
0,23,19,603,24.7
0,23,19,604,27.3
0,23,19,605,26.7
0,23,19,606,27.1
0,23,19,607,24.3
0,23,19,608,23.3
0,23,19,609,28.3
0,23,19,610,27.8
0,23,19,611,26.0
0,23,19,612,29.5
0,23,19,613,27.0
0,23,19,614,27.0
0,23,19,615,26.0
0,23,19,616,25.9
0,23,19,617,24.0
0,23,19,618,27.5
0,23,19,619,26.0
0,23,19,620,25.7
0,23,19,621,23.6
0,23,19,622,30.1
0,23,19,623,24.8
0,23,19,624,33.4
0,23,19,625,30.5
0,23,19,626,29.3
0,23,19,627,26.0
0,23,19,628,26.8
0,23,19,629,29.9
0,23,19,630,26.3
0,23,19,631,28.0
0,23,19,632,27.0
0,23,19,633,27.3
0,23,19,634,25.0
0,23,19,635,26.3
0,23,19,636,29.3
0,23,19,637,28.6
0,23,19,638,24.4
0,23,19,639,23.8
0,23,20,640,25.4
0,23,20,641,25.3
0,23,20,642,24.6
0,23,20,643,28.4
0,23,20,644,30.9
0,23,20,645,28.1
0,23,20,646,29.0
0,23,20,647,27.1
0,23,20,648,30.7
0,23,20,649,24.4
0,23,20,650,23.9
0,23,20,651,25.1
0,23,20,652,27.0
0,23,20,653,24.4
0,23,20,654,24.7
0,23,20,655,26.8
0,23,20,656,23.9
0,23,20,657,27.6
0,23,20,658,23.8
0,23,20,659,28.2
0,23,20,660,29.7
0,23,20,661,26.3
0,23,20,662,24.9
0,23,20,663,27.7
0,23,20,664,24.8
0,23,20,665,24.2
0,23,20,666,22.3
0,23,20,667,30.3
0,23,20,668,27.5
0,23,20,669,24.6
0,23,20,670,24.3
0,23,20,671,26.9
0,23,20,672,26.5
0,23,20,673,24.9
0,23,20,674,26.1
0,23,20,675,25.3
0,23,20,676,24.0
0,23,20,677,25.7
0,23,20,678,28.6
0,23,20,679,26.0
0,23,20,680,27.6
0,23,20,681,25.4
0,23,20,682,23.0
0,23,20,683,30.4
0,23,20,684,25.4
0,23,20,685,31.2
0,23,20,686,26.8
0,23,20,687,27.2
0,23,20,688,27.0
0,23,20,689,23.3
0,23,20,690,27.9
0,23,20,691,26.0
0,23,20,692,29.8
0,23,20,693,27.5
0,23,20,694,31.9
0,23,20,695,26.3
0,23,20,696,27.2
0,23,20,697,24.1
0,23,20,698,24.8
0,23,20,699,29.1
0,23,20,700,25.8
0,23,20,701,26.6
0,23,20,702,27.2
0,23,20,703,31.8
0,23,21,704,29.0
0,23,21,705,24.4
0,23,21,706,24.5
0,23,21,707,26.9
0,23,21,708,26.6
0,23,21,709,23.6
0,23,21,710,26.2
0,23,21,711,31.3
0,23,21,712,26.5
0,23,21,713,26.3
0,23,21,714,26.2
0,23,21,715,27.4
0,23,21,716,28.3
0,23,21,717,27.0
0,23,21,718,31.6
0,23,21,719,26.4
0,23,21,720,29.7
0,23,21,721,24.1
0,23,21,722,24.2
0,23,21,723,26.0
0,23,21,724,21.3
0,23,21,725,25.8
0,23,21,726,24.5
0,23,21,727,26.3
0,23,21,728,27.8
0,23,21,729,27.7
0,23,21,730,21.7
0,23,21,731,23.4
0,23,21,732,26.4
0,23,21,733,30.7
0,23,21,734,25.1
0,23,21,735,26.7
0,23,21,736,27.8
0,23,21,737,27.4
0,23,21,738,25.1
0,23,21,739,25.5
0,23,21,740,27.5
0,23,21,741,24.2
0,23,21,742,25.0
0,23,21,743,27.2
0,23,21,744,24.6
0,23,21,745,28.1
0,23,21,746,25.1
0,23,21,747,26.9
0,23,21,748,27.4
0,23,21,749,26.6
0,23,21,750,25.1
0,23,21,751,26.6
0,23,21,752,27.6
0,23,21,753,27.6
0,23,21,754,31.7
0,23,21,755,28.0
0,23,21,756,29.6
0,23,21,757,28.5
0,23,21,758,25.3
0,23,21,759,26.7
0,23,21,760,27.7
0,23,21,761,25.4
0,23,21,762,25.0
0,23,21,763,27.7
0,23,21,764,28.3
0,23,21,765,26.0
0,23,21,766,23.8
0,23,21,767,27.1
0,23,22,768,28.6
0,23,22,769,29.2
0,23,22,770,23.4
0,23,22,771,25.5
0,23,22,772,28.6
0,23,22,773,25.4
0,23,22,774,23.5
0,23,22,775,23.8
0,23,22,776,28.2
0,23,22,777,26.8
0,23,22,778,26.2
0,23,22,779,26.4
0,23,22,780,28.0
0,23,22,781,26.6
0,23,22,782,25.2
0,23,22,783,27.1
0,23,22,784,27.2
0,23,22,785,30.2
0,23,22,786,26.9
0,23,22,787,23.9
0,23,22,788,28.3
0,23,22,789,31.2
0,23,22,790,29.8
0,23,22,791,27.5
0,23,22,792,23.7
0,23,22,793,28.3
0,23,22,794,26.0
0,23,22,795,28.8
0,23,22,796,25.1
0,23,22,797,24.5
0,23,22,798,29.9
0,23,22,799,27.5
0,23,22,800,29.0
0,23,22,801,28.3
0,23,22,802,26.2
0,23,22,803,26.4
0,23,22,804,25.1
0,23,22,805,29.2
0,23,22,806,26.9
0,23,22,807,27.0
0,23,22,808,25.1
0,23,22,809,25.5
0,23,22,810,27.4
0,23,22,811,22.7
0,23,22,812,24.3
0,23,22,813,27.8
0,23,22,814,27.8
0,23,22,815,25.8
0,23,22,816,24.7
0,23,22,817,23.7
0,23,22,818,23.9
0,23,22,819,29.0
0,23,22,820,25.1
0,23,22,821,25.4
0,23,22,822,30.5
0,23,22,823,27.8
0,23,22,824,30.0
0,23,22,825,28.2
0,23,22,826,29.4
0,23,22,827,26.5
0,23,22,828,28.7
0,23,22,829,27.0
0,23,22,830,24.2
0,23,22,831,27.4
0,23,23,832,29.1
0,23,23,833,25.8
0,23,23,834,28.5
0,23,23,835,30.6
0,23,23,836,24.0
0,23,23,837,26.3
0,23,23,838,23.4
0,23,23,839,25.8
0,23,23,840,26.3
0,23,23,841,29.6
0,23,23,842,25.8
0,23,23,843,28.4
0,23,23,844,29.6
0,23,23,845,27.0
0,23,23,846,26.5
0,23,23,847,26.3
0,23,23,848,26.0
0,23,23,849,27.8
0,23,23,850,27.0
0,23,23,851,27.1
0,23,23,852,26.9
0,23,23,853,28.1
0,23,23,854,28.4
0,23,23,855,26.2
0,23,23,856,28.2
0,23,23,857,21.8
0,23,23,858,25.1
0,23,23,859,27.0
0,23,23,860,27.7
0,23,23,861,29.7
0,23,23,862,27.8
0,23,23,863,28.1
0,23,23,864,31.5
0,23,23,865,26.4
0,23,23,866,28.1
0,23,23,867,28.6
0,23,23,868,26.5
0,23,23,869,28.3
0,23,23,870,24.5
0,23,23,871,24.5
0,23,23,872,29.6
0,23,23,873,25.7
0,23,23,874,28.2
0,23,23,875,28.5
0,23,23,876,26.9
0,23,23,877,27.0
0,23,23,878,28.5
0,23,23,879,27.2
0,23,23,880,25.9
0,23,23,881,28.7
0,23,23,882,25.8
0,23,23,883,28.9
0,23,23,884,24.0
0,23,23,885,25.7
0,23,23,886,27.0
0,23,23,887,30.2
0,23,23,888,28.3
0,23,23,889,26.6
0,23,23,890,28.3
0,23,23,891,27.6
0,23,23,892,30.8
0,23,23,893,24.8
0,23,23,894,28.0
0,23,23,895,24.5
0,23,24,896,27.3
0,23,24,897,31.6
0,23,24,898,28.9
0,23,24,899,28.0
0,23,24,900,30.7
0,23,24,901,31.8
0,23,24,902,27.2
0,23,24,903,28.2
0,23,24,904,27.9
0,23,24,905,26.1
0,23,24,906,27.2
0,23,24,907,21.3
0,23,24,908,25.2
0,23,24,909,24.7
0,23,24,910,27.4
0,23,24,911,23.5
0,23,24,912,25.7
0,23,24,913,25.6
0,23,24,914,28.2
0,23,24,915,31.4
0,23,24,916,26.5
0,23,24,917,26.8
0,23,24,918,30.0
0,23,24,919,29.1
0,23,24,920,24.9
0,23,24,921,25.9
0,23,24,922,30.5
0,23,24,923,27.0
0,23,24,924,28.5
0,23,24,925,28.1
0,23,24,926,28.1
0,23,24,927,27.4
0,23,24,928,30.1
0,23,24,929,32.2
0,23,24,930,27.6
0,23,24,931,28.4
0,23,24,932,25.4
0,23,24,933,28.0
0,23,24,934,25.3
0,23,24,935,32.9
0,23,24,936,26.2
0,23,24,937,25.3
0,23,24,938,28.0
0,23,24,939,26.8
0,23,24,940,30.2
0,23,24,941,26.9
0,23,24,942,24.9
0,23,24,943,26.8
0,23,24,944,27.7
0,23,24,945,29.5
0,23,24,946,27.6
0,23,24,947,28.1
0,23,24,948,28.6
0,23,24,949,26.5
0,23,24,950,31.3
0,23,24,951,27.1
0,23,24,952,34.6
0,23,24,953,28.5
0,23,24,954,33.9
0,23,24,955,33.7
0,23,24,956,24.0
0,23,24,957,26.6
0,23,24,958,27.4
0,23,24,959,27.3
0,23,25,960,24.4
0,23,25,961,29.2
0,23,25,962,25.5
0,23,25,963,27.5
0,23,25,964,24.3
0,23,25,965,24.5
0,23,25,966,25.9
0,23,25,967,24.9
0,23,25,968,24.5
0,23,25,969,28.4
0,23,25,970,25.9
0,23,25,971,23.1
0,23,25,972,26.1
0,23,25,973,29.6
0,23,25,974,25.3
0,23,25,975,30.1
0,23,25,976,27.3
0,23,25,977,29.6
0,23,25,978,23.4
0,23,25,979,23.2
0,23,25,980,24.2
0,23,25,981,27.4
0,23,25,982,25.4
0,23,25,983,28.6
0,23,25,984,28.2
0,23,25,985,27.9
0,23,25,986,27.9
0,23,25,987,21.2
0,23,25,988,26.1
0,23,25,989,25.8
0,23,25,990,27.6
0,23,25,991,26.6
0,23,25,992,25.1
0,23,25,993,24.7
0,23,25,994,24.3
0,23,25,995,32.1
0,23,25,996,28.5
0,23,25,997,26.7
0,23,25,998,25.7
0,23,25,999,25.7
0,23,25,1000,30.0
0,23,25,1001,27.3
0,23,25,1002,26.6
0,23,25,1003,24.8
0,23,25,1004,24.4
0,23,25,1005,26.5
0,23,25,1006,28.2
0,23,25,1007,29.3
0,23,25,1008,26.7
0,23,25,1009,29.4
0,23,25,1010,24.6
0,23,25,1011,29.8
0,23,25,1012,28.5
0,23,25,1013,27.2
0,23,25,1014,24.3
0,23,25,1015,24.4
0,23,25,1016,22.5
0,23,25,1017,26.6
0,23,25,1018,26.1
0,23,25,1019,24.8
0,23,25,1020,25.6
0,23,25,1021,24.6
0,23,25,1022,26.8
0,23,25,1023,30.1
0,23,26,1024,28.6
0,23,26,1025,27.0
0,23,26,1026,31.4
0,23,26,1027,26.2
0,23,26,1028,28.5
0,23,26,1029,28.7
0,23,26,1030,25.2
0,23,26,1031,30.5
0,23,26,1032,29.9
0,23,26,1033,26.9
0,23,26,1034,23.2
0,23,26,1035,22.3
0,23,26,1036,26.8
0,23,26,1037,22.7
0,23,26,1038,24.3
0,23,26,1039,24.3
0,23,26,1040,25.8
0,23,26,1041,31.9
0,23,26,1042,26.8
0,23,26,1043,24.3
0,23,26,1044,30.7
0,23,26,1045,30.2
0,23,26,1046,28.7
0,23,26,1047,31.7
0,23,26,1048,27.0
0,23,26,1049,21.8
0,23,26,1050,26.7
0,23,26,1051,22.6
0,23,26,1052,23.3
0,23,26,1053,26.6
0,23,26,1054,32.3
0,23,26,1055,23.7
0,23,26,1056,27.3
0,23,26,1057,30.2
0,23,26,1058,28.4
0,23,26,1059,31.2
0,23,26,1060,27.8
0,23,26,1061,28.7
0,23,26,1062,30.0
0,23,26,1063,29.6
0,23,26,1064,24.2
0,23,26,1065,28.4
0,23,26,1066,24.2
0,23,26,1067,29.1
0,23,26,1068,28.2
0,23,26,1069,25.5
0,23,26,1070,27.4
0,23,26,1071,29.8
0,23,26,1072,25.5
0,23,26,1073,23.8
0,23,26,1074,30.3
0,23,26,1075,25.4
0,23,26,1076,30.7
0,23,26,1077,25.9
0,23,26,1078,26.9
0,23,26,1079,29.6
0,23,26,1080,27.4
0,23,26,1081,29.5
0,23,26,1082,27.4
0,23,26,1083,30.3
0,23,26,1084,22.3
0,23,26,1085,23.7
0,23,26,1086,28.8
0,23,26,1087,26.7
0,23,27,1088,27.1
0,23,27,1089,27.3
0,23,27,1090,25.2
0,23,27,1091,25.8
0,23,27,1092,26.3
0,23,27,1093,24.8
0,23,27,1094,24.4
0,23,27,1095,23.5
0,23,27,1096,25.5
0,23,27,1097,27.0
0,23,27,1098,28.8
0,23,27,1099,25.0
0,23,27,1100,27.3
0,23,27,1101,32.0
0,23,27,1102,28.8
0,23,27,1103,28.1
0,23,27,1104,22.6
0,23,27,1105,25.4
0,23,27,1106,24.7
0,23,27,1107,22.8
0,23,27,1108,32.3
0,23,27,1109,24.5
0,23,27,1110,25.5
0,23,27,1111,25.3
0,23,27,1112,24.1
0,23,27,1113,24.7
0,23,27,1114,26.2
0,23,27,1115,28.8
0,23,27,1116,24.1
0,23,27,1117,27.1
0,23,27,1118,25.5
0,23,27,1119,27.2
0,23,27,1120,28.3
0,23,27,1121,29.3
0,23,27,1122,27.8
0,23,27,1123,24.5
0,23,27,1124,24.0
0,23,27,1125,27.3
0,23,27,1126,21.1
0,23,27,1127,24.8
0,23,27,1128,28.9
0,23,27,1129,28.0
0,23,27,1130,27.8
0,23,27,1131,29.0
0,23,27,1132,28.5
0,23,27,1133,28.0
0,23,27,1134,27.3
0,23,27,1135,26.6
0,23,27,1136,27.6
0,23,27,1137,23.3
0,23,27,1138,28.2
0,23,27,1139,26.3
0,23,27,1140,26.5
0,23,27,1141,23.2
0,23,27,1142,26.4
0,23,27,1143,28.0
0,23,27,1144,26.6
0,23,27,1145,25.7
0,23,27,1146,26.1
0,23,27,1147,27.8
0,23,27,1148,24.8
0,23,27,1149,30.7
0,23,27,1150,29.0
0,23,27,1151,25.5
0,23,28,1152,26.7
0,23,28,1153,32.5
0,23,28,1154,28.8
0,23,28,1155,29.7
0,23,28,1156,26.4
0,23,28,1157,25.8
0,23,28,1158,25.9
0,23,28,1159,24.0
0,23,28,1160,29.5
0,23,28,1161,27.8
0,23,28,1162,25.2
0,23,28,1163,24.2
0,23,28,1164,19.5
0,23,28,1165,22.9
0,23,28,1166,25.2
0,23,28,1167,23.3
0,23,28,1168,29.8
0,23,28,1169,26.6
0,23,28,1170,23.5
0,23,28,1171,26.9
0,23,28,1172,30.1
0,23,28,1173,25.3
0,23,28,1174,25.3
0,23,28,1175,27.5
0,23,28,1176,27.9
0,23,28,1177,28.9
0,23,28,1178,27.2
0,23,28,1179,26.0
0,23,28,1180,28.5
0,23,28,1181,26.0
0,23,28,1182,30.0
0,23,28,1183,28.8
0,23,28,1184,29.5
0,23,28,1185,25.4
0,23,28,1186,28.0
0,23,28,1187,21.8
0,23,28,1188,28.1
0,23,28,1189,26.0
0,23,28,1190,23.6
0,23,28,1191,27.9
0,23,28,1192,25.2
0,23,28,1193,26.8
0,23,28,1194,24.1
0,23,28,1195,26.6
0,23,28,1196,27.6
0,23,28,1197,26.2
0,23,28,1198,27.7
0,23,28,1199,27.2
0,23,28,1200,25.3
0,23,28,1201,25.1
0,23,28,1202,28.5
0,23,28,1203,28.9
0,23,28,1204,27.5
0,23,28,1205,29.2
0,23,28,1206,29.0
0,23,28,1207,27.6
0,23,28,1208,26.3
0,23,28,1209,28.3
0,23,28,1210,27.1
0,23,28,1211,29.0
0,23,28,1212,32.3
0,23,28,1213,27.1
0,23,28,1214,27.3
0,23,28,1215,32.5
0,23,29,1216,31.1
0,23,29,1217,28.2
0,23,29,1218,29.3
0,23,29,1219,29.3
0,23,29,1220,27.7
0,23,29,1221,26.0
0,23,29,1222,20.8
0,23,29,1223,24.5
0,23,29,1224,26.9
0,23,29,1225,27.7
0,23,29,1226,24.6
0,23,29,1227,23.8
0,23,29,1228,24.8
0,23,29,1229,27.8
0,23,29,1230,25.2
0,23,29,1231,22.7
0,23,29,1232,28.6
0,23,29,1233,25.0
0,23,29,1234,29.1
0,23,29,1235,25.1
0,23,29,1236,30.4
0,23,29,1237,27.2
0,23,29,1238,21.8
0,23,29,1239,29.2
0,23,29,1240,27.6
0,23,29,1241,30.6
0,23,29,1242,30.8
0,23,29,1243,26.3
0,23,29,1244,27.0
0,23,29,1245,24.3
0,23,29,1246,25.8
0,23,29,1247,24.4
0,23,29,1248,26.0
0,23,29,1249,26.4
0,23,29,1250,24.7
0,23,29,1251,25.0
0,23,29,1252,27.3
0,23,29,1253,26.1
0,23,29,1254,20.9
0,23,29,1255,24.5
0,23,29,1256,26.0
0,23,29,1257,23.9
0,23,29,1258,25.2
0,23,29,1259,23.0
0,23,29,1260,22.0
0,23,29,1261,24.3
0,23,29,1262,24.3
0,23,29,1263,26.7
0,23,29,1264,23.2
0,23,29,1265,22.1
0,23,29,1266,26.2
0,23,29,1267,28.5
0,23,29,1268,26.7
0,23,29,1269,28.0
0,23,29,1270,26.4
0,23,29,1271,31.0
0,23,29,1272,25.3
0,23,29,1273,30.7
0,23,29,1274,27.3
0,23,29,1275,25.5
0,23,29,1276,26.8
0,23,29,1277,26.5
0,23,29,1278,24.6
0,23,29,1279,23.2
0,23,30,1280,28.2
0,23,30,1281,29.0
0,23,30,1282,28.7
0,23,30,1283,23.4
0,23,30,1284,26.4
0,23,30,1285,29.3
0,23,30,1286,27.3
0,23,30,1287,27.0
0,23,30,1288,24.7
0,23,30,1289,27.7
0,23,30,1290,28.4
0,23,30,1291,27.6
0,23,30,1292,27.5
0,23,30,1293,26.9
0,23,30,1294,26.2
0,23,30,1295,28.7
0,23,30,1296,25.4
0,23,30,1297,29.6
0,23,30,1298,22.1
0,23,30,1299,27.4
0,23,30,1300,28.5
0,23,30,1301,28.8
0,23,30,1302,28.8
0,23,30,1303,32.1
0,23,30,1304,24.8
0,23,30,1305,26.2
0,23,30,1306,24.7
0,23,30,1307,24.4
0,23,30,1308,24.0
0,23,30,1309,27.8
0,23,30,1310,28.2
0,23,30,1311,28.4
0,23,30,1312,27.6
0,23,30,1313,24.8
0,23,30,1314,25.6
0,23,30,1315,26.2
0,23,30,1316,27.5
0,23,30,1317,28.0
0,23,30,1318,28.7
0,23,30,1319,31.0
0,23,30,1320,28.1
0,23,30,1321,28.4
0,23,30,1322,27.1
0,23,30,1323,27.9
0,23,30,1324,30.7
0,23,30,1325,26.4
0,23,30,1326,31.7
0,23,30,1327,27.6
0,23,30,1328,33.0
0,23,30,1329,31.4
0,23,30,1330,29.2
0,23,30,1331,28.8
0,23,30,1332,27.8
0,23,30,1333,29.9
0,23,30,1334,31.5
0,23,30,1335,30.6
0,23,30,1336,31.2
0,23,30,1337,25.9
0,23,30,1338,29.8
0,23,30,1339,28.6
0,23,30,1340,23.0
0,23,30,1341,24.3
0,23,30,1342,29.7
0,23,30,1343,28.9
0,23,31,1344,27.3
0,23,31,1345,27.7
0,23,31,1346,26.9
0,23,31,1347,27.7
0,23,31,1348,26.2
0,23,31,1349,25.1
0,23,31,1350,21.9
0,23,31,1351,25.0
0,23,31,1352,25.6
0,23,31,1353,27.2
0,23,31,1354,24.4
0,23,31,1355,23.5
0,23,31,1356,27.0
0,23,31,1357,24.1
0,23,31,1358,27.2
0,23,31,1359,26.6
0,23,31,1360,28.3
0,23,31,1361,27.8
0,23,31,1362,24.0
0,23,31,1363,23.8
0,23,31,1364,23.2
0,23,31,1365,26.8
0,23,31,1366,23.6
0,23,31,1367,23.6
0,23,31,1368,24.4
0,23,31,1369,27.1
0,23,31,1370,29.8
0,23,31,1371,26.3
0,23,31,1372,24.4
0,23,31,1373,28.0
0,23,31,1374,24.8
0,23,31,1375,26.4
0,23,31,1376,27.7
0,23,31,1377,26.8
0,23,31,1378,27.7
0,23,31,1379,28.9
0,23,31,1380,26.8
0,23,31,1381,28.9
0,23,31,1382,24.6
0,23,31,1383,26.8
0,23,31,1384,26.5
0,23,31,1385,28.4
0,23,31,1386,27.9
0,23,31,1387,27.8
0,23,31,1388,23.1
0,23,31,1389,28.8
0,23,31,1390,27.4
0,23,31,1391,22.6
0,23,31,1392,28.4
0,23,31,1393,24.9
0,23,31,1394,26.5
0,23,31,1395,27.1
0,23,31,1396,28.9
0,23,31,1397,21.5
0,23,31,1398,28.2
0,23,31,1399,29.3
0,23,31,1400,24.0
0,23,31,1401,29.8
0,23,31,1402,27.0
0,23,31,1403,28.8
0,23,31,1404,29.3
0,23,31,1405,26.3
0,23,31,1406,28.2
0,23,31,1407,27.2
0,23,32,1408,30.5
0,23,32,1409,26.8
0,23,32,1410,26.1
0,23,32,1411,29.9
0,23,32,1412,30.2
0,23,32,1413,24.1
0,23,32,1414,24.6
0,23,32,1415,28.1
0,23,32,1416,30.3
0,23,32,1417,28.9
0,23,32,1418,28.1
0,23,32,1419,27.1
0,23,32,1420,24.9
0,23,32,1421,26.2
0,23,32,1422,24.3
0,23,32,1423,25.5
0,23,32,1424,25.6
0,23,32,1425,25.9
0,23,32,1426,27.6
0,23,32,1427,29.2
0,23,32,1428,29.5
0,23,32,1429,27.1
0,23,32,1430,29.2
0,23,32,1431,29.7
0,23,32,1432,26.5
0,23,32,1433,20.6
0,23,32,1434,25.2
0,23,32,1435,26.6
0,23,32,1436,24.3
0,23,32,1437,24.1
0,23,32,1438,28.5
0,23,32,1439,22.4
0,23,32,1440,26.6
0,23,32,1441,24.1
0,23,32,1442,31.5
0,23,32,1443,25.6
0,23,32,1444,31.0
0,23,32,1445,24.6
0,23,32,1446,24.0
0,23,32,1447,30.0
0,23,32,1448,25.6
0,23,32,1449,27.4
0,23,32,1450,24.8
0,23,32,1451,24.9
0,23,32,1452,24.7
0,23,32,1453,26.0
0,23,32,1454,26.7
0,23,32,1455,27.2
0,23,32,1456,26.3
0,23,32,1457,23.9
0,23,32,1458,27.1
0,23,32,1459,23.3
0,23,32,1460,28.0
0,23,32,1461,29.0
0,23,32,1462,29.9
0,23,32,1463,25.4
0,23,32,1464,28.8
0,23,32,1465,25.7
0,23,32,1466,27.2
0,23,32,1467,26.7
0,23,32,1468,25.1
0,23,32,1469,23.4
0,23,32,1470,28.7
0,23,32,1471,25.7
0,23,33,1472,28.2
0,23,33,1473,23.6
0,23,33,1474,21.6
0,23,33,1475,26.3
0,23,33,1476,24.0
0,23,33,1477,22.1
0,23,33,1478,25.0
0,23,33,1479,29.2
0,23,33,1480,29.6
0,23,33,1481,31.7
0,23,33,1482,24.9
0,23,33,1483,23.3
0,23,33,1484,27.1
0,23,33,1485,29.5
0,23,33,1486,22.0
0,23,33,1487,29.1
0,23,33,1488,27.6
0,23,33,1489,28.3
0,23,33,1490,26.7
0,23,33,1491,25.4
0,23,33,1492,21.0
0,23,33,1493,25.4
0,23,33,1494,20.2
0,23,33,1495,22.9
0,23,33,1496,27.4
0,23,33,1497,27.5
0,23,33,1498,31.1
0,23,33,1499,24.3
0,23,33,1500,25.7
0,23,33,1501,26.9
0,23,33,1502,25.6
0,23,33,1503,22.5
0,23,33,1504,27.3
0,23,33,1505,26.6
0,23,33,1506,27.7
0,23,33,1507,24.8
0,23,33,1508,26.9
0,23,33,1509,30.1
0,23,33,1510,23.4
0,23,33,1511,24.3
0,23,33,1512,22.2
0,23,33,1513,25.0
0,23,33,1514,29.4
0,23,33,1515,25.3
0,23,33,1516,23.3
0,23,33,1517,29.0
0,23,33,1518,25.1
0,23,33,1519,27.0
0,23,33,1520,27.6
0,23,33,1521,27.8
0,23,33,1522,27.6
0,23,33,1523,22.7
0,23,33,1524,30.1
0,23,33,1525,28.6
0,23,33,1526,26.5
0,23,33,1527,25.7
0,23,33,1528,28.4
0,23,33,1529,27.3
0,23,33,1530,26.8
0,23,33,1531,29.4
0,23,33,1532,26.2
0,23,33,1533,26.3
0,23,33,1534,25.2
0,23,33,1535,24.3
0,23,34,1536,25.5
0,23,34,1537,26.3
0,23,34,1538,27.2
0,23,34,1539,27.2
0,23,34,1540,29.2
0,23,34,1541,31.2
0,23,34,1542,24.5
0,23,34,1543,28.3
0,23,34,1544,26.8
0,23,34,1545,26.4
0,23,34,1546,24.3
0,23,34,1547,27.6
0,23,34,1548,25.4
0,23,34,1549,27.4
0,23,34,1550,24.6
0,23,34,1551,27.5
0,23,34,1552,24.2
0,23,34,1553,29.2
0,23,34,1554,24.6
0,23,34,1555,29.0
0,23,34,1556,27.9
0,23,34,1557,24.7
0,23,34,1558,32.1
0,23,34,1559,27.2
0,23,34,1560,24.9
0,23,34,1561,25.6
0,23,34,1562,24.9
0,23,34,1563,30.9
0,23,34,1564,26.1
0,23,34,1565,26.3
0,23,34,1566,28.4
0,23,34,1567,27.3
0,23,34,1568,31.4
0,23,34,1569,28.5
0,23,34,1570,28.5
0,23,34,1571,29.1
0,23,34,1572,23.2
0,23,34,1573,25.4
0,23,34,1574,26.4
0,23,34,1575,31.0
0,23,34,1576,26.6
0,23,34,1577,23.9
0,23,34,1578,25.3
0,23,34,1579,26.7
0,23,34,1580,27.0
0,23,34,1581,24.8
0,23,34,1582,28.6
0,23,34,1583,25.5
0,23,34,1584,27.2
0,23,34,1585,26.7
0,23,34,1586,24.5
0,23,34,1587,26.7
0,23,34,1588,25.4
0,23,34,1589,27.5
0,23,34,1590,27.8
0,23,34,1591,29.1
0,23,34,1592,27.8
0,23,34,1593,26.3
0,23,34,1594,29.8
0,23,34,1595,30.6
0,23,34,1596,24.9
0,23,34,1597,27.5
0,23,34,1598,30.9
0,23,34,1599,27.5
0,23,35,1600,27.2
0,23,35,1601,27.8
0,23,35,1602,30.5
0,23,35,1603,32.0
0,23,35,1604,28.8
0,23,35,1605,30.9
0,23,35,1606,31.5
0,23,35,1607,29.8
0,23,35,1608,27.1
0,23,35,1609,29.0
0,23,35,1610,25.6
0,23,35,1611,24.9
0,23,35,1612,27.7
0,23,35,1613,31.0
0,23,35,1614,31.4
0,23,35,1615,30.9
0,23,35,1616,31.0
0,23,35,1617,26.9
0,23,35,1618,31.9
0,23,35,1619,31.7
0,23,35,1620,31.2
0,23,35,1621,28.8
0,23,35,1622,26.0
0,23,35,1623,28.4
0,23,35,1624,31.7
0,23,35,1625,30.4
0,23,35,1626,37.8
0,23,35,1627,37.4
0,23,35,1628,38.3
0,23,35,1629,34.0
0,23,35,1630,33.2
0,23,35,1631,33.1
0,23,35,1632,36.0
0,23,35,1633,35.8
0,23,35,1634,36.8
0,23,35,1635,37.0
0,23,35,1636,37.2
0,23,35,1637,39.3
0,23,35,1638,39.7
0,23,35,1639,33.9
0,23,35,1640,41.4
0,23,35,1641,45.1
0,23,35,1642,41.9
0,23,35,1643,41.9
0,23,35,1644,47.7
0,23,35,1645,48.8
0,23,35,1646,44.4
0,23,35,1647,52.2
0,23,35,1648,45.0
0,23,35,1649,43.5
0,23,35,1650,46.3
0,23,35,1651,51.8
0,23,35,1652,48.3
0,23,35,1653,55.8
0,23,35,1654,51.4
0,23,35,1655,61.1
0,23,35,1656,64.2
0,23,35,1657,66.8
0,23,35,1658,68.1
0,23,35,1659,69.5
0,23,35,1660,70.7
0,23,35,1661,67.4
0,23,35,1662,54.9
0,23,35,1663,82.5
0,23,36,1664,77.8
0,23,36,1665,73.3
0,23,36,1666,78.6
0,23,36,1667,79.9
0,23,36,1668,84.6
0,23,36,1669,90.1
0,23,36,1670,84.2
0,23,36,1671,85.4
0,23,36,1672,87.0
0,23,36,1673,89.8
0,23,36,1674,98.0
0,23,36,1675,92.1
0,23,36,1676,97.2
0,23,36,1677,96.7
0,23,36,1678,99.4
0,23,36,1679,112.0
0,23,36,1680,104.6
0,23,36,1681,106.2
0,23,36,1682,99.7
0,23,36,1683,119.7
0,23,36,1684,115.3
0,23,36,1685,117.5
0,23,36,1686,143.2
0,23,36,1687,140.1
0,23,36,1688,133.2
0,23,36,1689,126.8
0,23,36,1690,117.6
0,23,36,1691,136.1
0,23,36,1692,159.1
0,23,36,1693,156.1
0,23,36,1694,157.6
0,23,36,1695,157.8
0,23,36,1696,164.6
0,23,36,1697,173.0
0,23,36,1698,159.5
0,23,36,1699,195.1
0,23,36,1700,165.4
0,23,36,1701,195.9
0,23,36,1702,185.1
0,23,36,1703,230.7
0,23,36,1704,218.8
0,23,36,1705,236.3
0,23,36,1706,173.3
0,23,36,1707,243.0
0,23,36,1708,233.0
0,23,36,1709,221.6
0,23,36,1710,279.6
0,23,36,1711,262.8
0,23,36,1712,227.9
0,23,36,1713,300.1
0,23,36,1714,305.3
0,23,36,1715,304.0
0,23,36,1716,312.4
0,23,36,1717,293.1
0,23,36,1718,380.1
0,23,36,1719,352.6
0,23,36,1720,380.0
0,23,36,1721,364.7
0,23,36,1722,398.2
0,23,36,1723,403.0
0,23,36,1724,371.2
0,23,36,1725,418.4
0,23,36,1726,424.4
0,23,36,1727,403.7
0,23,37,1728,434.9
0,23,37,1729,440.7
0,23,37,1730,461.1
0,23,37,1731,451.9
0,23,37,1732,475.4
0,23,37,1733,465.6
0,23,37,1734,480.8
0,23,37,1735,492.4
0,23,37,1736,502.3
0,23,37,1737,519.7
0,23,37,1738,533.4
0,23,37,1739,529.5
0,23,37,1740,539.5
0,23,37,1741,559.1
0,23,37,1742,557.8
0,23,37,1743,563.6
0,23,37,1744,569.4
0,23,37,1745,587.8
0,23,37,1746,595.0
0,23,37,1747,611.6
0,23,37,1748,607.4
0,23,37,1749,619.5
0,23,37,1750,625.1
0,23,37,1751,628.3
0,23,37,1752,646.4
0,23,37,1753,655.7
0,23,37,1754,648.0
0,23,37,1755,629.2
0,23,37,1756,670.1
0,23,37,1757,656.8
0,23,37,1758,679.5
0,23,37,1759,673.6
0,23,37,1760,705.1
0,23,37,1761,686.7
0,23,37,1762,699.6
0,23,37,1763,716.7
0,23,37,1764,729.3
0,23,37,1765,722.7
0,23,37,1766,730.6
0,23,37,1767,746.6
0,23,37,1768,737.0
0,23,37,1769,737.4
0,23,37,1770,778.9
0,23,37,1771,783.8
0,23,37,1772,770.8
0,23,37,1773,771.7
0,23,37,1774,791.0
0,23,37,1775,775.6
0,23,37,1776,808.5
0,23,37,1777,810.5
0,23,37,1778,820.0
0,23,37,1779,813.5
0,23,37,1780,820.6
0,23,37,1781,832.3
0,23,37,1782,829.2
0,23,37,1783,830.2
0,23,37,1784,855.3
0,23,37,1785,808.1
0,23,37,1786,839.1
0,23,37,1787,855.0
0,23,37,1788,900.1
0,23,37,1789,880.3
0,23,37,1790,893.5
0,23,37,1791,854.5
0,23,38,1792,868.3
0,23,38,1793,883.2
0,23,38,1794,872.7
0,23,38,1795,897.1
0,23,38,1796,904.3
0,23,38,1797,905.2
0,23,38,1798,888.3
0,23,38,1799,911.9
0,23,38,1800,917.0
0,23,38,1801,902.4
0,23,38,1802,932.8
0,23,38,1803,918.7
0,23,38,1804,914.0
0,23,38,1805,926.0
0,23,38,1806,947.7
0,23,38,1807,938.0
0,23,38,1808,929.2
0,23,38,1809,910.2
0,23,38,1810,915.2
0,23,38,1811,921.3
0,23,38,1812,928.4
0,23,38,1813,947.3
0,23,38,1814,928.6
0,23,38,1815,929.8
0,23,38,1816,950.2
0,23,38,1817,936.1
0,23,38,1818,939.4
0,23,38,1819,948.8
0,23,38,1820,955.3
0,23,38,1821,947.7
0,23,38,1822,959.5
0,23,38,1823,948.9
0,23,38,1824,956.6
0,23,38,1825,994.0
0,23,38,1826,937.2
0,23,38,1827,953.0
0,23,38,1828,963.2
0,23,38,1829,955.8
0,23,38,1830,940.5
0,23,38,1831,987.5
0,23,38,1832,972.7
0,23,38,1833,953.4
0,23,38,1834,979.0
0,23,38,1835,965.2
0,23,38,1836,955.5
0,23,38,1837,953.7
0,23,38,1838,961.7
0,23,38,1839,991.1
0,23,38,1840,960.6
0,23,38,1841,969.7
0,23,38,1842,952.9
0,23,38,1843,943.6
0,23,38,1844,994.3
0,23,38,1845,952.0
0,23,38,1846,977.2
0,23,38,1847,961.3
0,23,38,1848,962.2
0,23,38,1849,982.3
0,23,38,1850,971.0
0,23,38,1851,974.0
0,23,38,1852,966.4
0,23,38,1853,970.0
0,23,38,1854,947.7
0,23,38,1855,963.9
0,23,39,1856,929.3
0,23,39,1857,939.7
0,23,39,1858,926.3
0,23,39,1859,936.9
0,23,39,1860,963.7
0,23,39,1861,933.8
0,23,39,1862,946.1
0,23,39,1863,921.4
0,23,39,1864,902.1
0,23,39,1865,913.7
0,23,39,1866,935.6
0,23,39,1867,900.1
0,23,39,1868,933.4
0,23,39,1869,936.3
0,23,39,1870,937.1
0,23,39,1871,920.0
0,23,39,1872,926.9
0,23,39,1873,904.0
0,23,39,1874,905.1
0,23,39,1875,931.8
0,23,39,1876,918.9
0,23,39,1877,923.6
0,23,39,1878,899.3
0,23,39,1879,908.8
0,23,39,1880,920.0
0,23,39,1881,896.0
0,23,39,1882,908.2
0,23,39,1883,907.0
0,23,39,1884,906.5
0,23,39,1885,879.4
0,23,39,1886,868.4
0,23,39,1887,878.9
0,23,39,1888,886.4
0,23,39,1889,875.9
0,23,39,1890,871.5
0,23,39,1891,893.8
0,23,39,1892,880.3
0,23,39,1893,863.9
0,23,39,1894,858.1
0,23,39,1895,865.6
0,23,39,1896,826.8
0,23,39,1897,852.7
0,23,39,1898,845.4
0,23,39,1899,848.1
0,23,39,1900,846.8
0,23,39,1901,835.8
0,23,39,1902,829.3
0,23,39,1903,837.0
0,23,39,1904,832.2
0,23,39,1905,843.1
0,23,39,1906,825.4
0,23,39,1907,831.1
0,23,39,1908,840.7
0,23,39,1909,830.7
0,23,39,1910,829.6
0,23,39,1911,809.6
0,23,39,1912,820.9
0,23,39,1913,798.2
0,23,39,1914,819.4
0,23,39,1915,803.1
0,23,39,1916,829.6
0,23,39,1917,798.1
0,23,39,1918,807.1
0,23,39,1919,779.6
0,23,40,1920,797.9
0,23,40,1921,802.6
0,23,40,1922,781.1
0,23,40,1923,777.5
0,23,40,1924,802.9
0,23,40,1925,789.0
0,23,40,1926,764.5
0,23,40,1927,778.6
0,23,40,1928,772.5
0,23,40,1929,782.4
0,23,40,1930,763.9
0,23,40,1931,764.0
0,23,40,1932,779.7
0,23,40,1933,748.5
0,23,40,1934,746.4
0,23,40,1935,767.4
0,23,40,1936,756.0
0,23,40,1937,741.6
0,23,40,1938,738.9
0,23,40,1939,734.5
0,23,40,1940,738.6
0,23,40,1941,714.5
0,23,40,1942,733.9
0,23,40,1943,717.1
0,23,40,1944,714.1
0,23,40,1945,717.8
0,23,40,1946,694.1
0,23,40,1947,736.1
0,23,40,1948,693.2
0,23,40,1949,700.1
0,23,40,1950,705.9
0,23,40,1951,701.4
0,23,40,1952,697.3
0,23,40,1953,700.4
0,23,40,1954,691.0
0,23,40,1955,682.4
0,23,40,1956,676.3
0,23,40,1957,658.0
0,23,40,1958,679.2
0,23,40,1959,686.2
0,23,40,1960,670.4
0,23,40,1961,652.1
0,23,40,1962,655.9
0,23,40,1963,659.4
0,23,40,1964,638.8
0,23,40,1965,639.3
0,23,40,1966,644.3
0,23,40,1967,642.1
0,23,40,1968,610.6
0,23,40,1969,633.7
0,23,40,1970,640.5
0,23,40,1971,621.1
0,23,40,1972,618.6
0,23,40,1973,616.9
0,23,40,1974,635.4
0,23,40,1975,628.0
0,23,40,1976,616.3
0,23,40,1977,599.9
0,23,40,1978,614.4
0,23,40,1979,622.5
0,23,40,1980,603.5
0,23,40,1981,618.6
0,23,40,1982,580.1
0,23,40,1983,607.9
0,23,41,1984,585.0
0,23,41,1985,595.3
0,23,41,1986,580.4
0,23,41,1987,580.2
0,23,41,1988,562.9
0,23,41,1989,561.9
0,23,41,1990,560.0
0,23,41,1991,542.7
0,23,41,1992,560.4
0,23,41,1993,551.7
0,23,41,1994,548.5
0,23,41,1995,543.8
0,23,41,1996,562.2
0,23,41,1997,555.6
0,23,41,1998,523.5
0,23,41,1999,539.7
0,23,41,2000,535.7
0,23,41,2001,539.0
0,23,41,2002,546.7
0,23,41,2003,537.9
0,23,41,2004,516.9
0,23,41,2005,531.9
0,23,41,2006,523.1
0,23,41,2007,516.0
0,23,41,2008,531.1
0,23,41,2009,517.4
0,23,41,2010,504.8
0,23,41,2011,499.8
0,23,41,2012,503.1
0,23,41,2013,489.7
0,23,41,2014,491.9
0,23,41,2015,456.3
0,23,41,2016,483.0
0,23,41,2017,469.0
0,23,41,2018,467.1
0,23,41,2019,489.4
0,23,41,2020,482.4
0,23,41,2021,467.5
0,23,41,2022,464.4
0,23,41,2023,469.8
0,23,41,2024,441.5
0,23,41,2025,462.9
0,23,41,2026,477.6
0,23,41,2027,452.4
0,23,41,2028,455.5
0,23,41,2029,441.1
0,23,41,2030,457.1
0,23,41,2031,436.1
0,23,41,2032,420.2
0,23,41,2033,444.0
0,23,41,2034,440.5
0,23,41,2035,453.5
0,23,41,2036,424.3
0,23,41,2037,441.6
0,23,41,2038,434.5
0,23,41,2039,430.6
0,23,41,2040,404.7
0,23,41,2041,401.6
0,23,41,2042,422.6
0,23,41,2043,409.5
0,23,41,2044,417.9
0,23,41,2045,420.2
0,23,41,2046,410.2
0,23,41,2047,386.8
0,23,42,2048,407.3
0,23,42,2049,398.0
0,23,42,2050,394.2
0,23,42,2051,378.9
0,23,42,2052,393.5
0,23,42,2053,397.7
0,23,42,2054,336.8
0,23,42,2055,374.6
0,23,42,2056,346.1
0,23,42,2057,379.4
0,23,42,2058,372.5
0,23,42,2059,374.8
0,23,42,2060,342.0
0,23,42,2061,372.5
0,23,42,2062,350.3
0,23,42,2063,377.7
0,23,42,2064,360.6
0,23,42,2065,353.3
0,23,42,2066,302.6
0,23,42,2067,341.3
0,23,42,2068,337.8
0,23,42,2069,323.8
0,23,42,2070,347.8
0,23,42,2071,345.0
0,23,42,2072,321.7
0,23,42,2073,319.9
0,23,42,2074,298.0
0,23,42,2075,330.0
0,23,42,2076,281.4
0,23,42,2077,301.2
0,23,42,2078,318.3
0,23,42,2079,298.9
0,23,42,2080,335.6
0,23,42,2081,317.5
0,23,42,2082,307.2
0,23,42,2083,304.9
0,23,42,2084,241.4
0,23,42,2085,275.6
0,23,42,2086,268.0
0,23,42,2087,311.7
0,23,42,2088,276.3
0,23,42,2089,319.3
0,23,42,2090,288.2
0,23,42,2091,272.5
0,23,42,2092,278.6
0,23,42,2093,260.5
0,23,42,2094,280.9
0,23,42,2095,275.8
0,23,42,2096,245.5
0,23,42,2097,249.3
0,23,42,2098,268.1
0,23,42,2099,203.1
0,23,42,2100,255.8
0,23,42,2101,243.9
0,23,42,2102,298.9
0,23,42,2103,240.9
0,23,42,2104,263.2
0,23,42,2105,248.6
0,23,42,2106,264.8
0,23,42,2107,291.3
0,23,42,2108,245.1
0,23,42,2109,256.9
0,23,42,2110,242.3
0,23,42,2111,248.9
0,23,43,2112,214.5
0,23,43,2113,231.0
0,23,43,2114,222.9
0,23,43,2115,242.8
0,23,43,2116,225.3
0,23,43,2117,252.1
0,23,43,2118,231.6
0,23,43,2119,206.6
0,23,43,2120,227.4
0,23,43,2121,243.1
0,23,43,2122,176.8
0,23,43,2123,219.8
0,23,43,2124,192.4
0,23,43,2125,221.5
0,23,43,2126,184.1
0,23,43,2127,188.5
0,23,43,2128,217.0
0,23,43,2129,187.1
0,23,43,2130,161.8
0,23,43,2131,224.4
0,23,43,2132,207.6
0,23,43,2133,186.9
0,23,43,2134,169.2
0,23,43,2135,190.3
0,23,43,2136,203.1
0,23,43,2137,165.4
0,23,43,2138,166.2
0,23,43,2139,204.9
0,23,43,2140,189.3
0,23,43,2141,192.1
0,23,43,2142,167.2
0,23,43,2143,173.0
0,23,43,2144,150.4
0,23,43,2145,168.0
0,23,43,2146,152.6
0,23,43,2147,202.9
0,23,43,2148,206.9
0,23,43,2149,173.8
0,23,43,2150,158.7
0,23,43,2151,179.4
0,23,43,2152,165.3
0,23,43,2153,158.2
0,23,43,2154,151.9
0,23,43,2155,157.6
0,23,43,2156,146.1
0,23,43,2157,159.4
0,23,43,2158,147.8
0,23,43,2159,168.1
0,23,43,2160,139.1
0,23,43,2161,153.0
0,23,43,2162,172.1
0,23,43,2163,167.4
0,23,43,2164,174.2
0,23,43,2165,158.5
0,23,43,2166,142.4
0,23,43,2167,167.0
0,23,43,2168,166.0
0,23,43,2169,176.1
0,23,43,2170,160.3
0,23,43,2171,164.2
0,23,43,2172,185.5
0,23,43,2173,176.9
0,23,43,2174,182.2
0,23,43,2175,147.1
0,23,44,2176,142.4
0,23,44,2177,144.4
0,23,44,2178,152.4
0,23,44,2179,146.9
0,23,44,2180,142.5
0,23,44,2181,126.4
0,23,44,2182,125.7
0,23,44,2183,141.2
0,23,44,2184,140.9
0,23,44,2185,124.8
0,23,44,2186,133.1
0,23,44,2187,142.6
0,23,44,2188,128.4
0,23,44,2189,138.3
0,23,44,2190,141.0
0,23,44,2191,134.1
0,23,44,2192,134.5
0,23,44,2193,124.7
0,23,44,2194,133.1
0,23,44,2195,130.8
0,23,44,2196,126.5
0,23,44,2197,136.8
0,23,44,2198,128.5
0,23,44,2199,140.0
0,23,44,2200,130.0
0,23,44,2201,118.8
0,23,44,2202,132.9
0,23,44,2203,120.7
0,23,44,2204,115.7
0,23,44,2205,104.6
0,23,44,2206,131.9
0,23,44,2207,123.8
0,23,44,2208,126.6
0,23,44,2209,126.7
0,23,44,2210,105.0
0,23,44,2211,130.3
0,23,44,2212,114.1
0,23,44,2213,135.6
0,23,44,2214,130.6
0,23,44,2215,132.4
0,23,44,2216,117.2
0,23,44,2217,124.9
0,23,44,2218,92.3
0,23,44,2219,121.4
0,23,44,2220,113.8
0,23,44,2221,125.3
0,23,44,2222,93.1
0,23,44,2223,103.5
0,23,44,2224,129.9
0,23,44,2225,106.3
0,23,44,2226,111.9
0,23,44,2227,115.4
0,23,44,2228,97.5
0,23,44,2229,98.4
0,23,44,2230,117.9
0,23,44,2231,115.8
0,23,44,2232,112.0
0,23,44,2233,103.8
0,23,44,2234,105.7
0,23,44,2235,120.6
0,23,44,2236,93.4
0,23,44,2237,104.6
0,23,44,2238,118.1
0,23,44,2239,120.1
0,23,45,2240,115.6
0,23,45,2241,112.9
0,23,45,2242,101.2
0,23,45,2243,113.1
0,23,45,2244,108.6
0,23,45,2245,100.6
0,23,45,2246,95.6
0,23,45,2247,114.0
0,23,45,2248,106.4
0,23,45,2249,85.9
0,23,45,2250,74.9
0,23,45,2251,105.7
0,23,45,2252,96.6
0,23,45,2253,120.9
0,23,45,2254,106.4
0,23,45,2255,96.6
0,23,45,2256,92.8
0,23,45,2257,90.6
0,23,45,2258,91.0
0,23,45,2259,77.5
0,23,45,2260,90.3
0,23,45,2261,87.0
0,23,45,2262,94.1
0,23,45,2263,94.5
0,23,45,2264,88.2
0,23,45,2265,97.4
0,23,45,2266,90.8
0,23,45,2267,102.9
0,23,45,2268,83.1
0,23,45,2269,76.2
0,23,45,2270,84.6
0,23,45,2271,95.5
0,23,45,2272,93.3
0,23,45,2273,94.5
0,23,45,2274,71.4
0,23,45,2275,102.4
0,23,45,2276,92.6
0,23,45,2277,83.1
0,23,45,2278,89.6
0,23,45,2279,87.2
0,23,45,2280,107.3
0,23,45,2281,86.1
0,23,45,2282,81.1
0,23,45,2283,82.2
0,23,45,2284,89.6
0,23,45,2285,82.6
0,23,45,2286,91.5
0,23,45,2287,83.1
0,23,45,2288,94.7
0,23,45,2289,77.0
0,23,45,2290,85.7
0,23,45,2291,78.0
0,23,45,2292,80.1
0,23,45,2293,85.0
0,23,45,2294,73.2
0,23,45,2295,87.7
0,23,45,2296,78.3
0,23,45,2297,92.7
0,23,45,2298,90.6
0,23,45,2299,92.5
0,23,45,2300,72.2
0,23,45,2301,76.3
0,23,45,2302,71.6
0,23,45,2303,78.7
0,23,46,2304,72.5
0,23,46,2305,69.8
0,23,46,2306,85.3
0,23,46,2307,76.8
0,23,46,2308,72.0
0,23,46,2309,70.3
0,23,46,2310,71.5
0,23,46,2311,75.0
0,23,46,2312,74.1
0,23,46,2313,69.1
0,23,46,2314,74.9
0,23,46,2315,61.5
0,23,46,2316,67.4
0,23,46,2317,74.0
0,23,46,2318,66.6
0,23,46,2319,67.3
0,23,46,2320,72.7
0,23,46,2321,67.6
0,23,46,2322,82.3
0,23,46,2323,85.1
0,23,46,2324,72.9
0,23,46,2325,76.9
0,23,46,2326,74.0
0,23,46,2327,67.1
0,23,46,2328,70.2
0,23,46,2329,72.7
0,23,46,2330,60.9
0,23,46,2331,59.2
0,23,46,2332,59.5
0,23,46,2333,70.5
0,23,46,2334,69.2
0,23,46,2335,65.8
0,23,46,2336,63.1
0,23,46,2337,73.3
0,23,46,2338,66.3
0,23,46,2339,62.1
0,23,46,2340,58.9
0,23,46,2341,66.0
0,23,46,2342,58.3
0,23,46,2343,73.8
0,23,46,2344,68.3
0,23,46,2345,62.1
0,23,46,2346,72.1
0,23,46,2347,64.4
0,23,46,2348,60.8
0,23,46,2349,66.2
0,23,46,2350,64.4
0,23,46,2351,71.0
0,23,46,2352,70.3
0,23,46,2353,58.4
0,23,46,2354,66.4
0,23,46,2355,62.4
0,23,46,2356,54.2
0,23,46,2357,64.8
0,23,46,2358,65.4
0,23,46,2359,74.4
0,23,46,2360,67.2
0,23,46,2361,65.3
0,23,46,2362,69.9
0,23,46,2363,54.2
0,23,46,2364,69.2
0,23,46,2365,56.1
0,23,46,2366,59.3
0,23,46,2367,57.4
0,23,47,2368,57.6
0,23,47,2369,65.1
0,23,47,2370,51.2
0,23,47,2371,57.7
0,23,47,2372,61.3
0,23,47,2373,54.3
0,23,47,2374,50.3
0,23,47,2375,63.0
0,23,47,2376,60.2
0,23,47,2377,57.7
0,23,47,2378,63.2
0,23,47,2379,56.3
0,23,47,2380,52.5
0,23,47,2381,59.4
0,23,47,2382,56.1
0,23,47,2383,51.7
0,23,47,2384,51.8
0,23,47,2385,52.7
0,23,47,2386,48.5
0,23,47,2387,50.4
0,23,47,2388,54.1
0,23,47,2389,51.9
0,23,47,2390,48.8
0,23,47,2391,50.5
0,23,47,2392,44.1
0,23,47,2393,53.1
0,23,47,2394,50.3
0,23,47,2395,52.3
0,23,47,2396,50.7
0,23,47,2397,49.4
0,23,47,2398,49.8
0,23,47,2399,47.4
0,23,47,2400,49.1
0,23,47,2401,52.5
0,23,47,2402,48.2
0,23,47,2403,44.9
0,23,47,2404,48.3
0,23,47,2405,53.4
0,23,47,2406,50.1
0,23,47,2407,47.2
0,23,47,2408,53.2
0,23,47,2409,49.5
0,23,47,2410,47.0
0,23,47,2411,50.4
0,23,47,2412,53.4
0,23,47,2413,47.4
0,23,47,2414,49.8
0,23,47,2415,42.6
0,23,47,2416,49.7
0,23,47,2417,48.2
0,23,47,2418,48.6
0,23,47,2419,49.0
0,23,47,2420,45.8
0,23,47,2421,50.1
0,23,47,2422,42.8
0,23,47,2423,45.1
0,23,47,2424,46.9
0,23,47,2425,47.9
0,23,47,2426,48.5
0,23,47,2427,43.3
0,23,47,2428,48.3
0,23,47,2429,42.9
0,23,47,2430,49.8
0,23,47,2431,42.9
0,23,48,2432,47.1
0,23,48,2433,44.1
0,23,48,2434,42.1
0,23,48,2435,42.1
0,23,48,2436,47.6
0,23,48,2437,43.0
0,23,48,2438,46.8
0,23,48,2439,43.9
0,23,48,2440,48.7
0,23,48,2441,47.3
0,23,48,2442,43.5
0,23,48,2443,43.3
0,23,48,2444,40.1
0,23,48,2445,42.0
0,23,48,2446,44.3
0,23,48,2447,38.6
0,23,48,2448,34.2
0,23,48,2449,38.6
0,23,48,2450,39.6
0,23,48,2451,41.9
0,23,48,2452,41.0
0,23,48,2453,37.2
0,23,48,2454,40.0
0,23,48,2455,37.8
0,23,48,2456,38.0
0,23,48,2457,40.3
0,23,48,2458,38.0
0,23,48,2459,40.3
0,23,48,2460,41.0
0,23,48,2461,41.8
0,23,48,2462,41.3
0,23,48,2463,37.9
0,23,48,2464,42.0
0,23,48,2465,43.6
0,23,48,2466,45.1
0,23,48,2467,44.5
0,23,48,2468,46.3
0,23,48,2469,40.6
0,23,48,2470,37.5
0,23,48,2471,42.9
0,23,48,2472,39.8
0,23,48,2473,42.4
0,23,48,2474,32.6
0,23,48,2475,42.8
0,23,48,2476,36.6
0,23,48,2477,40.4
0,23,48,2478,42.4
0,23,48,2479,40.1
0,23,48,2480,36.8
0,23,48,2481,39.1
0,23,48,2482,37.5
0,23,48,2483,36.9
0,23,48,2484,39.3
0,23,48,2485,41.7
0,23,48,2486,46.3
0,23,48,2487,45.6
0,23,48,2488,42.6
0,23,48,2489,38.4
0,23,48,2490,39.3
0,23,48,2491,36.5
0,23,48,2492,35.9
0,23,48,2493,40.5
0,23,48,2494,37.9
0,23,48,2495,36.3
0,23,49,2496,38.0
0,23,49,2497,36.4
0,23,49,2498,37.8
0,23,49,2499,37.4
0,23,49,2500,35.1
0,23,49,2501,33.5
0,23,49,2502,33.4
0,23,49,2503,36.1
0,23,49,2504,37.4
0,23,49,2505,35.4
0,23,49,2506,38.2
0,23,49,2507,38.5
0,23,49,2508,35.2
0,23,49,2509,36.8
0,23,49,2510,29.9
0,23,49,2511,36.4
0,23,49,2512,33.1
0,23,49,2513,34.2
0,23,49,2514,32.8
0,23,49,2515,31.9
0,23,49,2516,33.0
0,23,49,2517,32.9
0,23,49,2518,32.6
0,23,49,2519,28.8
0,23,49,2520,34.4
0,23,49,2521,35.6
0,23,49,2522,35.7
0,23,49,2523,31.6
0,23,49,2524,36.1
0,23,49,2525,31.4
0,23,49,2526,35.6
0,23,49,2527,32.7
0,23,49,2528,31.7
0,23,49,2529,34.2
0,23,49,2530,33.3
0,23,49,2531,30.3
0,23,49,2532,32.7
0,23,49,2533,34.7
0,23,49,2534,31.6
0,23,49,2535,32.8
0,23,49,2536,32.7
0,23,49,2537,36.1
0,23,49,2538,33.7
0,23,49,2539,32.7
0,23,49,2540,31.0
0,23,49,2541,29.1
0,23,49,2542,26.8
0,23,49,2543,32.5
0,23,49,2544,34.4
0,23,49,2545,28.9
0,23,49,2546,37.6
0,23,49,2547,30.7
0,23,49,2548,29.0
0,23,49,2549,36.2
0,23,49,2550,31.2
0,23,49,2551,29.3
0,23,49,2552,30.1
0,23,49,2553,29.0
0,23,49,2554,28.0
0,23,49,2555,32.1
0,23,49,2556,29.2
0,23,49,2557,29.6
0,23,49,2558,30.8
0,23,49,2559,28.5
0,23,50,2560,29.7
0,23,50,2561,30.4
0,23,50,2562,26.5
0,23,50,2563,28.6
0,23,50,2564,29.0
0,23,50,2565,28.1
0,23,50,2566,30.5
0,23,50,2567,29.8
0,23,50,2568,31.4
0,23,50,2569,25.0
0,23,50,2570,23.8
0,23,50,2571,23.9
0,23,50,2572,21.1
0,23,50,2573,26.5
0,23,50,2574,26.2
0,23,50,2575,26.5
0,23,50,2576,26.0
0,23,50,2577,26.4
0,23,50,2578,23.5
0,23,50,2579,31.3
0,23,50,2580,30.5
0,23,50,2581,27.4
0,23,50,2582,28.7
0,23,50,2583,31.0
0,23,50,2584,30.4
0,23,50,2585,31.4
0,23,50,2586,29.2
0,23,50,2587,27.3
0,23,50,2588,25.3
0,23,50,2589,31.4
0,23,50,2590,28.4
0,23,50,2591,24.7
0,23,50,2592,26.3
0,23,50,2593,31.1
0,23,50,2594,26.1
0,23,50,2595,26.4
0,23,50,2596,32.7
0,23,50,2597,28.7
0,23,50,2598,31.2
0,23,50,2599,28.0
0,23,50,2600,25.5
0,23,50,2601,28.5
0,23,50,2602,32.3
0,23,50,2603,29.0
0,23,50,2604,26.2
0,23,50,2605,29.7
0,23,50,2606,28.9
0,23,50,2607,25.9
0,23,50,2608,30.5
0,23,50,2609,25.0
0,23,50,2610,25.6
0,23,50,2611,23.1
0,23,50,2612,24.7
0,23,50,2613,29.4
0,23,50,2614,29.2
0,23,50,2615,31.3
0,23,50,2616,26.4
0,23,50,2617,27.9
0,23,50,2618,25.5
0,23,50,2619,27.2
0,23,50,2620,23.1
0,23,50,2621,24.8
0,23,50,2622,27.5
0,23,50,2623,23.7
0,23,51,2624,24.8
0,23,51,2625,20.5
0,23,51,2626,23.6
0,23,51,2627,25.0
0,23,51,2628,18.3
0,23,51,2629,20.7
0,23,51,2630,17.4
0,23,51,2631,20.1
0,23,51,2632,21.3
0,23,51,2633,20.4
0,23,51,2634,21.4
0,23,51,2635,20.1
0,23,51,2636,21.6
0,23,51,2637,21.9
0,23,51,2638,21.8
0,23,51,2639,24.0
0,23,51,2640,23.4
0,23,51,2641,21.2
0,23,51,2642,19.9
0,23,51,2643,24.3
0,23,51,2644,22.0
0,23,51,2645,22.3
0,23,51,2646,22.3
0,23,51,2647,23.3
0,23,51,2648,20.2
0,23,51,2649,23.8
0,23,51,2650,19.7
0,23,51,2651,22.1
0,23,51,2652,19.6
0,23,51,2653,19.7
0,23,51,2654,23.2
0,23,51,2655,20.8
0,23,51,2656,21.0
0,23,51,2657,21.1
0,23,51,2658,20.0
0,23,51,2659,21.0
0,23,51,2660,21.6
0,23,51,2661,22.9
0,23,51,2662,20.0
0,23,51,2663,22.1
0,23,51,2664,24.3
0,23,51,2665,20.3
0,23,51,2666,25.2
0,23,51,2667,18.3
0,23,51,2668,18.4
0,23,51,2669,22.0
0,23,51,2670,20.2
0,23,51,2671,25.0
0,23,51,2672,21.3
0,23,51,2673,19.3
0,23,51,2674,26.5
0,23,51,2675,23.7
0,23,51,2676,22.3
0,23,51,2677,21.7
0,23,51,2678,17.9
0,23,51,2679,20.1
0,23,51,2680,20.0
0,23,51,2681,24.6
0,23,51,2682,22.6
0,23,51,2683,20.3
0,23,51,2684,20.6
0,23,51,2685,21.4
0,23,51,2686,24.0
0,23,51,2687,22.0
0,23,52,2688,19.8
0,23,52,2689,26.4
0,23,52,2690,21.4
0,23,52,2691,22.6
0,23,52,2692,20.3
0,23,52,2693,21.5
0,23,52,2694,23.9
0,23,52,2695,20.4
0,23,52,2696,18.1
0,23,52,2697,17.8
0,23,52,2698,23.8
0,23,52,2699,21.2
0,23,52,2700,19.8
0,23,52,2701,23.2
0,23,52,2702,17.8
0,23,52,2703,17.6
0,23,52,2704,22.4
0,23,52,2705,17.9
0,23,52,2706,20.6
0,23,52,2707,24.7
0,23,52,2708,19.1
0,23,52,2709,21.4
0,23,52,2710,22.5
0,23,52,2711,21.8
0,23,52,2712,20.9
0,23,52,2713,17.3
0,23,52,2714,17.1
0,23,52,2715,22.8
0,23,52,2716,19.2
0,23,52,2717,20.0
0,23,52,2718,25.5
0,23,52,2719,21.6
0,23,52,2720,25.4
0,23,52,2721,21.3
0,23,52,2722,27.9
0,23,52,2723,22.9
0,23,52,2724,22.5
0,23,52,2725,22.5
0,23,52,2726,20.1
0,23,52,2727,22.2
0,23,52,2728,17.1
0,23,52,2729,25.8
0,23,52,2730,22.4
0,23,52,2731,23.3
0,23,52,2732,20.3
0,23,52,2733,26.5
0,23,52,2734,23.7
0,23,52,2735,24.8
0,23,52,2736,19.1
0,23,52,2737,19.3
0,23,52,2738,23.4
0,23,52,2739,25.4
0,23,52,2740,25.3
0,23,52,2741,23.5
0,23,52,2742,24.5
0,23,52,2743,23.9
0,23,52,2744,20.2
0,23,52,2745,23.6
0,23,52,2746,17.5
0,23,52,2747,18.4
0,23,52,2748,23.9
0,23,52,2749,20.2
0,23,52,2750,20.7
0,23,52,2751,23.9
0,23,53,2752,18.3
0,23,53,2753,19.4
0,23,53,2754,19.6
0,23,53,2755,20.2
0,23,53,2756,19.2
0,23,53,2757,19.5
0,23,53,2758,25.0
0,23,53,2759,17.3
0,23,53,2760,21.2
0,23,53,2761,22.7
0,23,53,2762,20.5
0,23,53,2763,23.0
0,23,53,2764,23.0
0,23,53,2765,20.4
0,23,53,2766,22.4
0,23,53,2767,23.5
0,23,53,2768,18.7
0,23,53,2769,19.2
0,23,53,2770,23.6
0,23,53,2771,20.6
0,23,53,2772,21.4
0,23,53,2773,21.3
0,23,53,2774,21.9
0,23,53,2775,25.9
0,23,53,2776,23.7
0,23,53,2777,20.3
0,23,53,2778,22.0
0,23,53,2779,25.2
0,23,53,2780,23.2
0,23,53,2781,19.6
0,23,53,2782,21.9
0,23,53,2783,20.1
0,23,53,2784,21.0
0,23,53,2785,20.6
0,23,53,2786,18.5
0,23,53,2787,21.9
0,23,53,2788,24.7
0,23,53,2789,25.5
0,23,53,2790,23.3
0,23,53,2791,23.2
0,23,53,2792,22.0
0,23,53,2793,18.8
0,23,53,2794,19.5
0,23,53,2795,25.7
0,23,53,2796,17.5
0,23,53,2797,17.4
0,23,53,2798,20.1
0,23,53,2799,19.2
0,23,53,2800,14.8
0,23,53,2801,14.9
0,23,53,2802,14.7
0,23,53,2803,13.6
0,23,53,2804,9.3
0,23,53,2805,17.2
0,23,53,2806,13.8
0,23,53,2807,12.9
0,23,53,2808,14.3
0,23,53,2809,13.9
0,23,53,2810,13.3
0,23,53,2811,18.8
0,23,53,2812,18.8
0,23,53,2813,15.3
0,23,53,2814,16.0
0,23,53,2815,10.7
0,23,54,2816,14.1
0,23,54,2817,17.2
0,23,54,2818,17.2
0,23,54,2819,17.6
0,23,54,2820,18.0
0,23,54,2821,17.0
0,23,54,2822,14.8
0,23,54,2823,12.9
0,23,54,2824,11.2
0,23,54,2825,9.5
0,23,54,2826,11.2
0,23,54,2827,8.3
0,23,54,2828,10.2
0,23,54,2829,10.3
0,23,54,2830,15.3
0,23,54,2831,5.0
0,23,54,2832,9.8
0,23,54,2833,17.2
0,23,54,2834,10.5
0,23,54,2835,13.7
0,23,54,2836,15.7
0,23,54,2837,10.0
0,23,54,2838,12.2
0,23,54,2839,13.3
0,23,54,2840,9.1
0,23,54,2841,8.8
0,23,54,2842,14.0
0,23,54,2843,13.6
0,23,54,2844,9.2
0,23,54,2845,9.9
0,23,54,2846,12.9
0,23,54,2847,16.0
0,23,54,2848,18.8
0,23,54,2849,15.8
0,23,54,2850,19.7
0,23,54,2851,15.6
0,23,54,2852,13.4
0,23,54,2853,13.5
0,23,54,2854,10.2
0,23,54,2855,16.5
0,23,54,2856,12.3
0,23,54,2857,14.6
0,23,54,2858,15.4
0,23,54,2859,17.1
0,23,54,2860,10.7
0,23,54,2861,11.5
0,23,54,2862,15.8
0,23,54,2863,12.4
0,23,54,2864,12.7
0,23,54,2865,17.8
0,23,54,2866,18.8
0,23,54,2867,17.0
0,23,54,2868,15.5
0,23,54,2869,18.0
0,23,54,2870,13.7
0,23,54,2871,15.7
0,23,54,2872,12.8
0,23,54,2873,14.1
0,23,54,2874,13.5
0,23,54,2875,14.6
0,23,54,2876,9.2
0,23,54,2877,17.8
0,23,54,2878,16.4
0,23,54,2879,18.0
0,23,55,2880,16.8
0,23,55,2881,15.3
0,23,55,2882,14.9
0,23,55,2883,11.8
0,23,55,2884,16.1
0,23,55,2885,10.8
0,23,55,2886,11.4
0,23,55,2887,9.4
0,23,55,2888,14.6
0,23,55,2889,8.9
0,23,55,2890,11.8
0,23,55,2891,13.1
0,23,55,2892,12.2
0,23,55,2893,17.4
0,23,55,2894,12.9
0,23,55,2895,14.3
0,23,55,2896,13.6
0,23,55,2897,16.2
0,23,55,2898,14.6
0,23,55,2899,14.8
0,23,55,2900,12.3
0,23,55,2901,13.5
0,23,55,2902,16.2
0,23,55,2903,17.3
0,23,55,2904,15.9
0,23,55,2905,18.9
0,23,55,2906,14.9
0,23,55,2907,13.1
0,23,55,2908,17.0
0,23,55,2909,10.6
0,23,55,2910,14.8
0,23,55,2911,11.7
0,23,55,2912,13.4
0,23,55,2913,14.2
0,23,55,2914,17.5
0,23,55,2915,19.0
0,23,55,2916,20.3
0,23,55,2917,12.7
0,23,55,2918,11.8
0,23,55,2919,14.9
0,23,55,2920,12.5
0,23,55,2921,12.7
0,23,55,2922,16.7
0,23,55,2923,13.9
0,23,55,2924,8.0
0,23,55,2925,13.3
0,23,55,2926,11.3
0,23,55,2927,11.4
0,23,55,2928,11.1
0,23,55,2929,12.3
0,23,55,2930,11.2
0,23,55,2931,14.4
0,23,55,2932,13.8
0,23,55,2933,10.9
0,23,55,2934,13.1
0,23,55,2935,11.0
0,23,55,2936,18.3
0,23,55,2937,16.6
0,23,55,2938,12.1
0,23,55,2939,12.6
0,23,55,2940,14.1
0,23,55,2941,18.0
0,23,55,2942,15.2
0,23,55,2943,10.4
0,23,56,2944,11.4
0,23,56,2945,12.2
0,23,56,2946,13.3
0,23,56,2947,16.2
0,23,56,2948,11.0
0,23,56,2949,13.9
0,23,56,2950,12.5
0,23,56,2951,17.0
0,23,56,2952,14.6
0,23,56,2953,14.0
0,23,56,2954,17.9
0,23,56,2955,15.3
0,23,56,2956,12.9
0,23,56,2957,15.9
0,23,56,2958,11.5
0,23,56,2959,16.9
0,23,56,2960,13.0
0,23,56,2961,13.4
0,23,56,2962,10.0
0,23,56,2963,13.1
0,23,56,2964,14.1
0,23,56,2965,10.7
0,23,56,2966,14.1
0,23,56,2967,12.5
0,23,56,2968,12.9
0,23,56,2969,9.7
0,23,56,2970,10.1
0,23,56,2971,11.1
0,23,56,2972,9.2
0,23,56,2973,9.9
0,23,56,2974,13.6
0,23,56,2975,13.0
0,23,56,2976,16.4
0,23,56,2977,13.3
0,23,56,2978,8.2
0,23,56,2979,11.9
0,23,56,2980,14.1
0,23,56,2981,15.5
0,23,56,2982,12.7
0,23,56,2983,10.7
0,23,56,2984,12.9
0,23,56,2985,18.5
0,23,56,2986,12.8
0,23,56,2987,17.8
0,23,56,2988,14.9
0,23,56,2989,11.9
0,23,56,2990,16.9
0,23,56,2991,10.3
0,23,56,2992,14.6
0,23,56,2993,15.3
0,23,56,2994,21.1
0,23,56,2995,9.4
0,23,56,2996,14.2
0,23,56,2997,14.2
0,23,56,2998,19.3
0,23,56,2999,13.4
0,23,56,3000,16.2
0,23,56,3001,15.6
0,23,56,3002,13.9
0,23,56,3003,12.4
0,23,56,3004,14.0
0,23,56,3005,17.8
0,23,56,3006,9.5
0,23,56,3007,16.4
0,23,57,3008,14.8
0,23,57,3009,11.6
0,23,57,3010,13.0
0,23,57,3011,13.1
0,23,57,3012,14.9
0,23,57,3013,14.8
0,23,57,3014,15.4
0,23,57,3015,11.8
0,23,57,3016,12.7
0,23,57,3017,12.9
0,23,57,3018,13.9
0,23,57,3019,8.9
0,23,57,3020,12.4
0,23,57,3021,10.7
0,23,57,3022,16.3
0,23,57,3023,14.9
0,23,57,3024,12.5
0,23,57,3025,14.0
0,23,57,3026,13.6
0,23,57,3027,14.9
0,23,57,3028,13.4
0,23,57,3029,12.6
0,23,57,3030,10.0
0,23,57,3031,15.6
0,23,57,3032,13.6
0,23,57,3033,11.0
0,23,57,3034,12.8
0,23,57,3035,15.2
0,23,57,3036,11.0
0,23,57,3037,16.5
0,23,57,3038,12.1
0,23,57,3039,8.9
0,23,57,3040,15.9
0,23,57,3041,9.2
0,23,57,3042,12.1
0,23,57,3043,17.2
0,23,57,3044,18.7
0,23,57,3045,19.2
0,23,57,3046,11.0
0,23,57,3047,16.1
0,23,57,3048,13.6
0,23,57,3049,13.0
0,23,57,3050,13.5
0,23,57,3051,12.0
0,23,57,3052,11.6
0,23,57,3053,17.4
0,23,57,3054,15.2
0,23,57,3055,16.3
0,23,57,3056,12.4
0,23,57,3057,13.5
0,23,57,3058,13.5
0,23,57,3059,16.0
0,23,57,3060,16.4
0,23,57,3061,15.4
0,23,57,3062,14.4
0,23,57,3063,15.3
0,23,57,3064,11.1
0,23,57,3065,15.9
0,23,57,3066,15.2
0,23,57,3067,11.5
0,23,57,3068,15.8
0,23,57,3069,15.4
0,23,57,3070,13.3
0,23,57,3071,12.6
0,23,58,3072,8.0
0,23,58,3073,14.3
0,23,58,3074,12.2
0,23,58,3075,15.7
0,23,58,3076,16.1
0,23,58,3077,15.9
0,23,58,3078,10.9
0,23,58,3079,12.6
0,23,58,3080,12.4
0,23,58,3081,15.3
0,23,58,3082,11.6
0,23,58,3083,11.2
0,23,58,3084,12.7
0,23,58,3085,13.3
0,23,58,3086,11.1
0,23,58,3087,12.6
0,23,58,3088,13.3
0,23,58,3089,16.7
0,23,58,3090,14.4
0,23,58,3091,16.1
0,23,58,3092,16.5
0,23,58,3093,13.4
0,23,58,3094,19.3
0,23,58,3095,16.9
0,23,58,3096,12.3
0,23,58,3097,13.9
0,23,58,3098,13.5
0,23,58,3099,16.0
0,23,58,3100,12.0
0,23,58,3101,9.4
0,23,58,3102,19.6
0,23,58,3103,12.4
0,23,58,3104,18.0
0,23,58,3105,14.4
0,23,58,3106,13.2
0,23,58,3107,12.6
0,23,58,3108,11.2
0,23,58,3109,8.7
0,23,58,3110,10.0
0,23,58,3111,16.2
0,23,58,3112,9.9
0,23,58,3113,12.1
0,23,58,3114,11.7
0,23,58,3115,11.3
0,23,58,3116,13.4
0,23,58,3117,10.8
0,23,58,3118,13.5
0,23,58,3119,13.0
0,23,58,3120,16.5
0,23,58,3121,13.4
0,23,58,3122,16.8
0,23,58,3123,14.1
0,23,58,3124,16.0
0,23,58,3125,14.6
0,23,58,3126,15.3
0,23,58,3127,18.3
0,23,58,3128,17.2
0,23,58,3129,16.0
0,23,58,3130,18.3
0,23,58,3131,13.8
0,23,58,3132,17.7
0,23,58,3133,14.9
0,23,58,3134,18.2
0,23,58,3135,14.1
0,23,59,3136,11.9
0,23,59,3137,14.3
0,23,59,3138,12.7
0,23,59,3139,12.7
0,23,59,3140,11.5
0,23,59,3141,10.7
0,23,59,3142,14.4
0,23,59,3143,7.0
0,23,59,3144,13.9
0,23,59,3145,12.2
0,23,59,3146,12.7
0,23,59,3147,15.2
0,23,59,3148,16.9
0,23,59,3149,18.2
0,23,59,3150,14.7
0,23,59,3151,18.1
0,23,59,3152,11.5
0,23,59,3153,14.5
0,23,59,3154,12.5
0,23,59,3155,14.4
0,23,59,3156,13.1
0,23,59,3157,17.2
0,23,59,3158,15.6
0,23,59,3159,12.2
0,23,59,3160,16.6
0,23,59,3161,14.5
0,23,59,3162,15.0
0,23,59,3163,14.1
0,23,59,3164,15.9
0,23,59,3165,19.9
0,23,59,3166,14.4
0,23,59,3167,9.1
0,23,59,3168,13.2
0,23,59,3169,10.1
0,23,59,3170,14.4
0,23,59,3171,16.3
0,23,59,3172,12.1
0,23,59,3173,14.7
0,23,59,3174,9.0
0,23,59,3175,11.7
0,23,59,3176,11.6
0,23,59,3177,16.3
0,23,59,3178,19.5
0,23,59,3179,13.3
0,23,59,3180,14.5
0,23,59,3181,17.3
0,23,59,3182,12.2
0,23,59,3183,11.8
0,23,59,3184,14.7
0,23,59,3185,11.8
0,23,59,3186,13.4
0,23,59,3187,13.3
0,23,59,3188,12.1
0,23,59,3189,18.0
0,23,59,3190,10.0
0,23,59,3191,9.9
0,23,59,3192,14.7
0,23,59,3193,9.4
0,23,59,3194,9.9
0,23,59,3195,8.2
0,23,59,3196,10.8
0,23,59,3197,12.0
0,23,59,3198,11.3
0,23,59,3199,6.7
